month_August,month_December,month_February,month_January,month_July,month_June,month_March,month_May,month_November,month_October,month_September,state_Madhya Pradesh,state_Pondicherry,state_Tamil Nadu,state_Telangana,market_Avalurpet,market_Baikunthpur,market_Chinnasalem,market_Devarkonda(Mallepalli),market_Gingee,market_Kallakurichi,market_Kurinchipadi,market_Manendragarh,market_Sangarapuram,market_Thattanchavady,market_Thirukovilur,market_Thiryagadurgam,market_Tindivanam,market_Tittakudi,market_Ulundurpettai,market_Vellore,market_Vikkiravandi,market_Villupuram,market_Virudhachalam,year
,,,,,,,,,,1,,,,,,,,,,,,1,,,,,,,,,,,,2020
,,,,,,,,,,1,,,,,,1,,,,,,,,,,,,,,,,,,2020
,,,,,,,,,,1,,,,1,,,,1,,,,,,,,,,,,,,,,2020
,,,,,,,,,,1,,,1,,,,,,,,,,,,,,,,,,,,1,2020
,,,,,,,,,,1,,,1,,,,,,,,,,,,,,,,,,,1,,2020
,,,,,,,,,,1,,,1,,,,,,,,,,,,,,,,,,1,,,2020
,,,,,,,,,,1,,,1,,,,,,,,,,,,,,,,,1,,,,2020
,,,,,,,,,,1,,,1,,,,,,,,,,,,,,,,1,,,,,2020
,,,,,,,,,,1,,,1,,,,,,,,,,,,,,,1,,,,,,2020
,,,,,,,,,,1,,,1,,,,,,,,,,,,,,1,,,,,,,2020
,,,,,,,,,,1,,,1,,,,,,,,,,,,,1,,,,,,,,2020
,,,,,,,,,,1,,,1,,,,,,,,,,,,1,,,,,,,,,2020
,,,,,,,,,,1,,,1,,,,,,,,,,1,,,,,,,,,,,2020
,,,,,,,,,,1,,,1,,,,,,,,1,,,,,,,,,,,,,2020
,,,,,,,,,,1,,,1,,,,,,,1,,,,,,,,,,,,,,2020
,,,,,,,,,,1,,,1,,,,,,1,,,,,,,,,,,,,,,2020
,,,,,,,,,,1,,,1,,,,1,,,,,,,,,,,,,,,,,2020
,,,,,,,,,,1,,,1,,1,,,,,,,,,,,,,,,,,,,2020
,,,,,,,,,,1,,1,,,,,,,,,,,,1,,,,,,,,,,2020
,,,,,,,,,1,,,,,,,,,,,,,1,,,,,,,,,,,,2020
,,,,,,,,,1,,,,,,,1,,,,,,,,,,,,,,,,,,2020
,,,,,,,,,1,,,,,1,,,,1,,,,,,,,,,,,,,,,2020
,,,,,,,,,1,,,,1,,,,,,,,,,,,,,,,,,,,1,2020
,,,,,,,,,1,,,,1,,,,,,,,,,,,,,,,,,,1,,2020
,,,,,,,,,1,,,,1,,,,,,,,,,,,,,,,,,1,,,2020
,,,,,,,,,1,,,,1,,,,,,,,,,,,,,,,,1,,,,2020
,,,,,,,,,1,,,,1,,,,,,,,,,,,,,,,1,,,,,2020
,,,,,,,,,1,,,,1,,,,,,,,,,,,,,,1,,,,,,2020
,,,,,,,,,1,,,,1,,,,,,,,,,,,,,1,,,,,,,2020
,,,,,,,,,1,,,,1,,,,,,,,,,,,,1,,,,,,,,2020
,,,,,,,,,1,,,,1,,,,,,,,,,,,1,,,,,,,,,2020
,,,,,,,,,1,,,,1,,,,,,,,,,1,,,,,,,,,,,2020
,,,,,,,,,1,,,,1,,,,,,,,1,,,,,,,,,,,,,2020
,,,,,,,,,1,,,,1,,,,,,,1,,,,,,,,,,,,,,2020
,,,,,,,,,1,,,,1,,,,,,1,,,,,,,,,,,,,,,2020
,,,,,,,,,1,,,,1,,,,1,,,,,,,,,,,,,,,,,2020
,,,,,,,,,1,,,,1,,1,,,,,,,,,,,,,,,,,,,2020
,,,,,,,,,1,,,1,,,,,,,,,,,,1,,,,,,,,,,2020
,,,,,,,,1,,,,,,,,,,,,,,1,,,,,,,,,,,,2020
,,,,,,,,1,,,,,,,,1,,,,,,,,,,,,,,,,,,2020
,,,,,,,,1,,,,,,1,,,,1,,,,,,,,,,,,,,,,2020
,,,,,,,,1,,,,,1,,,,,,,,,,,,,,,,,,,,1,2020
,,,,,,,,1,,,,,1,,,,,,,,,,,,,,,,,,,1,,2020
,,,,,,,,1,,,,,1,,,,,,,,,,,,,,,,,,1,,,2020
,,,,,,,,1,,,,,1,,,,,,,,,,,,,,,,,1,,,,2020
,,,,,,,,1,,,,,1,,,,,,,,,,,,,,,,1,,,,,2020
,,,,,,,,1,,,,,1,,,,,,,,,,,,,,,1,,,,,,2020
,,,,,,,,1,,,,,1,,,,,,,,,,,,,,1,,,,,,,2020
,,,,,,,,1,,,,,1,,,,,,,,,,,,,1,,,,,,,,2020
,,,,,,,,1,,,,,1,,,,,,,,,,,,1,,,,,,,,,2020
,,,,,,,,1,,,,,1,,,,,,,,,,1,,,,,,,,,,,2020
,,,,,,,,1,,,,,1,,,,,,,,1,,,,,,,,,,,,,2020
,,,,,,,,1,,,,,1,,,,,,,1,,,,,,,,,,,,,,2020
,,,,,,,,1,,,,,1,,,,,,1,,,,,,,,,,,,,,,2020
,,,,,,,,1,,,,,1,,,,1,,,,,,,,,,,,,,,,,2020
,,,,,,,,1,,,,,1,,1,,,,,,,,,,,,,,,,,,,2020
,,,,,,,,1,,,,1,,,,,,,,,,,,1,,,,,,,,,,2020
,,,,,,,1,,,,,,,,,,,,,,,1,,,,,,,,,,,,2020
,,,,,,,1,,,,,,,,,1,,,,,,,,,,,,,,,,,,2020
,,,,,,,1,,,,,,,1,,,,1,,,,,,,,,,,,,,,,2020
,,,,,,,1,,,,,,1,,,,,,,,,,,,,,,,,,,,1,2020
,,,,,,,1,,,,,,1,,,,,,,,,,,,,,,,,,,1,,2020
,,,,,,,1,,,,,,1,,,,,,,,,,,,,,,,,,1,,,2020
,,,,,,,1,,,,,,1,,,,,,,,,,,,,,,,,1,,,,2020
,,,,,,,1,,,,,,1,,,,,,,,,,,,,,,,1,,,,,2020
,,,,,,,1,,,,,,1,,,,,,,,,,,,,,,1,,,,,,2020
,,,,,,,1,,,,,,1,,,,,,,,,,,,,,1,,,,,,,2020
,,,,,,,1,,,,,,1,,,,,,,,,,,,,1,,,,,,,,2020
,,,,,,,1,,,,,,1,,,,,,,,,,,,1,,,,,,,,,2020
,,,,,,,1,,,,,,1,,,,,,,,,,1,,,,,,,,,,,2020
,,,,,,,1,,,,,,1,,,,,,,,1,,,,,,,,,,,,,2020
,,,,,,,1,,,,,,1,,,,,,,1,,,,,,,,,,,,,,2020
,,,,,,,1,,,,,,1,,,,,,1,,,,,,,,,,,,,,,2020
,,,,,,,1,,,,,,1,,,,1,,,,,,,,,,,,,,,,,2020
,,,,,,,1,,,,,,1,,1,,,,,,,,,,,,,,,,,,,2020
,,,,,,,1,,,,,1,,,,,,,,,,,,1,,,,,,,,,,2020
,,,,,,1,,,,,,,,,,,,,,,,1,,,,,,,,,,,,2020
,,,,,,1,,,,,,,,,,1,,,,,,,,,,,,,,,,,,2020
,,,,,,1,,,,,,,,1,,,,1,,,,,,,,,,,,,,,,2020
,,,,,,1,,,,,,,1,,,,,,,,,,,,,,,,,,,,1,2020
,,,,,,1,,,,,,,1,,,,,,,,,,,,,,,,,,,1,,2020
,,,,,,1,,,,,,,1,,,,,,,,,,,,,,,,,,1,,,2020
,,,,,,1,,,,,,,1,,,,,,,,,,,,,,,,,1,,,,2020
,,,,,,1,,,,,,,1,,,,,,,,,,,,,,,,1,,,,,2020
,,,,,,1,,,,,,,1,,,,,,,,,,,,,,,1,,,,,,2020
,,,,,,1,,,,,,,1,,,,,,,,,,,,,,1,,,,,,,2020
,,,,,,1,,,,,,,1,,,,,,,,,,,,,1,,,,,,,,2020
,,,,,,1,,,,,,,1,,,,,,,,,,,,1,,,,,,,,,2020
,,,,,,1,,,,,,,1,,,,,,,,,,1,,,,,,,,,,,2020
,,,,,,1,,,,,,,1,,,,,,,,1,,,,,,,,,,,,,2020
,,,,,,1,,,,,,,1,,,,,,,1,,,,,,,,,,,,,,2020
,,,,,,1,,,,,,,1,,,,,,1,,,,,,,,,,,,,,,2020
,,,,,,1,,,,,,,1,,,,1,,,,,,,,,,,,,,,,,2020
,,,,,,1,,,,,,,1,,1,,,,,,,,,,,,,,,,,,,2020
,,,,,,1,,,,,,1,,,,,,,,,,,,1,,,,,,,,,,2020
,,,,,1,,,,,,,,,,,,,,,,,1,,,,,,,,,,,,2020
,,,,,1,,,,,,,,,,,1,,,,,,,,,,,,,,,,,,2020
,,,,,1,,,,,,,,,1,,,,1,,,,,,,,,,,,,,,,2020
,,,,,1,,,,,,,,1,,,,,,,,,,,,,,,,,,,,1,2020
,,,,,1,,,,,,,,1,,,,,,,,,,,,,,,,,,,1,,2020
,,,,,1,,,,,,,,1,,,,,,,,,,,,,,,,,,1,,,2020
,,,,,1,,,,,,,,1,,,,,,,,,,,,,,,,,1,,,,2020
,,,,,1,,,,,,,,1,,,,,,,,,,,,,,,,1,,,,,2020
,,,,,1,,,,,,,,1,,,,,,,,,,,,,,,1,,,,,,2020
,,,,,1,,,,,,,,1,,,,,,,,,,,,,,1,,,,,,,2020
,,,,,1,,,,,,,,1,,,,,,,,,,,,,1,,,,,,,,2020
,,,,,1,,,,,,,,1,,,,,,,,,,,,1,,,,,,,,,2020
,,,,,1,,,,,,,,1,,,,,,,,,,1,,,,,,,,,,,2020
,,,,,1,,,,,,,,1,,,,,,,,1,,,,,,,,,,,,,2020
,,,,,1,,,,,,,,1,,,,,,,1,,,,,,,,,,,,,,2020
,,,,,1,,,,,,,,1,,,,,,1,,,,,,,,,,,,,,,2020
,,,,,1,,,,,,,,1,,,,1,,,,,,,,,,,,,,,,,2020
,,,,,1,,,,,,,,1,,1,,,,,,,,,,,,,,,,,,,2020
,,,,,1,,,,,,,1,,,,,,,,,,,,1,,,,,,,,,,2020
,,,,1,,,,,,,,,,,,,,,,,,1,,,,,,,,,,,,2020
,,,,1,,,,,,,,,,,,1,,,,,,,,,,,,,,,,,,2020
,,,,1,,,,,,,,,,1,,,,1,,,,,,,,,,,,,,,,2020
,,,,1,,,,,,,,,1,,,,,,,,,,,,,,,,,,,,1,2020
,,,,1,,,,,,,,,1,,,,,,,,,,,,,,,,,,,1,,2020
,,,,1,,,,,,,,,1,,,,,,,,,,,,,,,,,,1,,,2020
,,,,1,,,,,,,,,1,,,,,,,,,,,,,,,,,1,,,,2020
,,,,1,,,,,,,,,1,,,,,,,,,,,,,,,,1,,,,,2020
,,,,1,,,,,,,,,1,,,,,,,,,,,,,,,1,,,,,,2020
,,,,1,,,,,,,,,1,,,,,,,,,,,,,,1,,,,,,,2020
,,,,1,,,,,,,,,1,,,,,,,,,,,,,1,,,,,,,,2020
,,,,1,,,,,,,,,1,,,,,,,,,,,,1,,,,,,,,,2020
,,,,1,,,,,,,,,1,,,,,,,,,,1,,,,,,,,,,,2020
,,,,1,,,,,,,,,1,,,,,,,,1,,,,,,,,,,,,,2020
,,,,1,,,,,,,,,1,,,,,,,1,,,,,,,,,,,,,,2020
,,,,1,,,,,,,,,1,,,,,,1,,,,,,,,,,,,,,,2020
,,,,1,,,,,,,,,1,,,,1,,,,,,,,,,,,,,,,,2020
,,,,1,,,,,,,,,1,,1,,,,,,,,,,,,,,,,,,,2020
,,,,1,,,,,,,,1,,,,,,,,,,,,1,,,,,,,,,,2020
,,,1,,,,,,,,,,,,,,,,,,,1,,,,,,,,,,,,2020
,,,1,,,,,,,,,,,,,1,,,,,,,,,,,,,,,,,,2020
,,,1,,,,,,,,,,,1,,,,1,,,,,,,,,,,,,,,,2020
,,,1,,,,,,,,,,1,,,,,,,,,,,,,,,,,,,,1,2020
,,,1,,,,,,,,,,1,,,,,,,,,,,,,,,,,,,1,,2020
,,,1,,,,,,,,,,1,,,,,,,,,,,,,,,,,,1,,,2020
,,,1,,,,,,,,,,1,,,,,,,,,,,,,,,,,1,,,,2020
,,,1,,,,,,,,,,1,,,,,,,,,,,,,,,,1,,,,,2020
,,,1,,,,,,,,,,1,,,,,,,,,,,,,,,1,,,,,,2020
,,,1,,,,,,,,,,1,,,,,,,,,,,,,,1,,,,,,,2020
,,,1,,,,,,,,,,1,,,,,,,,,,,,,1,,,,,,,,2020
,,,1,,,,,,,,,,1,,,,,,,,,,,,1,,,,,,,,,2020
,,,1,,,,,,,,,,1,,,,,,,,,,1,,,,,,,,,,,2020
,,,1,,,,,,,,,,1,,,,,,,,1,,,,,,,,,,,,,2020
,,,1,,,,,,,,,,1,,,,,,,1,,,,,,,,,,,,,,2020
,,,1,,,,,,,,,,1,,,,,,1,,,,,,,,,,,,,,,2020
,,,1,,,,,,,,,,1,,,,1,,,,,,,,,,,,,,,,,2020
,,,1,,,,,,,,,,1,,1,,,,,,,,,,,,,,,,,,,2020
,,,1,,,,,,,,,1,,,,,,,,,,,,1,,,,,,,,,,2020
,,1,,,,,,,,,,,,,,,,,,,,1,,,,,,,,,,,,2020
,,1,,,,,,,,,,,,,,1,,,,,,,,,,,,,,,,,,2020
,,1,,,,,,,,,,,,1,,,,1,,,,,,,,,,,,,,,,2020
,,1,,,,,,,,,,,1,,,,,,,,,,,,,,,,,,,,1,2020
,,1,,,,,,,,,,,1,,,,,,,,,,,,,,,,,,,1,,2020
,,1,,,,,,,,,,,1,,,,,,,,,,,,,,,,,,1,,,2020
,,1,,,,,,,,,,,1,,,,,,,,,,,,,,,,,1,,,,2020
,,1,,,,,,,,,,,1,,,,,,,,,,,,,,,,1,,,,,2020
,,1,,,,,,,,,,,1,,,,,,,,,,,,,,,1,,,,,,2020
,,1,,,,,,,,,,,1,,,,,,,,,,,,,,1,,,,,,,2020
,,1,,,,,,,,,,,1,,,,,,,,,,,,,1,,,,,,,,2020
,,1,,,,,,,,,,,1,,,,,,,,,,,,1,,,,,,,,,2020
,,1,,,,,,,,,,,1,,,,,,,,,,1,,,,,,,,,,,2020
,,1,,,,,,,,,,,1,,,,,,,,1,,,,,,,,,,,,,2020
,,1,,,,,,,,,,,1,,,,,,,1,,,,,,,,,,,,,,2020
,,1,,,,,,,,,,,1,,,,,,1,,,,,,,,,,,,,,,2020
,,1,,,,,,,,,,,1,,,,1,,,,,,,,,,,,,,,,,2020
,,1,,,,,,,,,,,1,,1,,,,,,,,,,,,,,,,,,,2020
,,1,,,,,,,,,,1,,,,,,,,,,,,1,,,,,,,,,,2020
,1,,,,,,,,,,,,,,,,,,,,,1,,,,,,,,,,,,2020
,1,,,,,,,,,,,,,,,1,,,,,,,,,,,,,,,,,,2020
,1,,,,,,,,,,,,,1,,,,1,,,,,,,,,,,,,,,,2020
,1,,,,,,,,,,,,1,,,,,,,,,,,,,,,,,,,,1,2020
,1,,,,,,,,,,,,1,,,,,,,,,,,,,,,,,,,1,,2020
,1,,,,,,,,,,,,1,,,,,,,,,,,,,,,,,,1,,,2020
,1,,,,,,,,,,,,1,,,,,,,,,,,,,,,,,1,,,,2020
,1,,,,,,,,,,,,1,,,,,,,,,,,,,,,,1,,,,,2020
,1,,,,,,,,,,,,1,,,,,,,,,,,,,,,1,,,,,,2020
,1,,,,,,,,,,,,1,,,,,,,,,,,,,,1,,,,,,,2020
,1,,,,,,,,,,,,1,,,,,,,,,,,,,1,,,,,,,,2020
,1,,,,,,,,,,,,1,,,,,,,,,,,,1,,,,,,,,,2020
,1,,,,,,,,,,,,1,,,,,,,,,,1,,,,,,,,,,,2020
,1,,,,,,,,,,,,1,,,,,,,,1,,,,,,,,,,,,,2020
,1,,,,,,,,,,,,1,,,,,,,1,,,,,,,,,,,,,,2020
,1,,,,,,,,,,,,1,,,,,,1,,,,,,,,,,,,,,,2020
,1,,,,,,,,,,,,1,,,,1,,,,,,,,,,,,,,,,,2020
,1,,,,,,,,,,,,1,,1,,,,,,,,,,,,,,,,,,,2020
,1,,,,,,,,,,,1,,,,,,,,,,,,1,,,,,,,,,,2020
1,,,,,,,,,,,,,,,,,,,,,,1,,,,,,,,,,,,2020
1,,,,,,,,,,,,,,,,1,,,,,,,,,,,,,,,,,,2020
1,,,,,,,,,,,,,,1,,,,1,,,,,,,,,,,,,,,,2020
1,,,,,,,,,,,,,1,,,,,,,,,,,,,,,,,,,,1,2020
1,,,,,,,,,,,,,1,,,,,,,,,,,,,,,,,,,1,,2020
1,,,,,,,,,,,,,1,,,,,,,,,,,,,,,,,,1,,,2020
1,,,,,,,,,,,,,1,,,,,,,,,,,,,,,,,1,,,,2020
1,,,,,,,,,,,,,1,,,,,,,,,,,,,,,,1,,,,,2020
1,,,,,,,,,,,,,1,,,,,,,,,,,,,,,1,,,,,,2020
1,,,,,,,,,,,,,1,,,,,,,,,,,,,,1,,,,,,,2020
1,,,,,,,,,,,,,1,,,,,,,,,,,,,1,,,,,,,,2020
1,,,,,,,,,,,,,1,,,,,,,,,,,,1,,,,,,,,,2020
1,,,,,,,,,,,,,1,,,,,,,,,,1,,,,,,,,,,,2020
1,,,,,,,,,,,,,1,,,,,,,,1,,,,,,,,,,,,,2020
1,,,,,,,,,,,,,1,,,,,,,1,,,,,,,,,,,,,,2020
1,,,,,,,,,,,,,1,,,,,,1,,,,,,,,,,,,,,,2020
1,,,,,,,,,,,,,1,,,,1,,,,,,,,,,,,,,,,,2020
1,,,,,,,,,,,,,1,,1,,,,,,,,,,,,,,,,,,,2020
1,,,,,,,,,,,,1,,,,,,,,,,,,1,,,,,,,,,,2020
