month_August,month_December,month_February,month_January,month_July,month_June,month_March,month_May,month_November,month_October,month_September,state_Gujarat,state_Karnataka,market_Bangalore,market_Chikkamagalore,market_Chintamani,market_Gajapathinagaram,market_Gonikappal,market_Gundlupet,market_Holenarsipura,market_Hosanagar,market_Kadur,market_Kanakapura,market_Koppa,market_Madhugiri,market_Madikeri,market_Moodigere,market_Mysore (Bandipalya),market_Ramanagara,market_Sagar,market_Sakaleshpura,market_Shimoga,market_Shimogga(Theertahalli),market_Somvarpet,market_Sringeri,market_Tumkur,market_Vadodara,variety_Medium,variety_Other,variety_Tamarind Fruit,year
,,,,,,,,,,1,,,,,,1,,,,,,,,,,,,,,,,,,,,,,,,2020
,,,,,,,,,,1,,,,,,1,,,,,,,,,,,,,,,,,,,,,,,1,2020
,,,,,,,,,,1,,,,,,1,,,,,,,,,,,,,,,,,,,,,1,,,2020
,,,,,,,,,,1,,1,,,,,,,,,,,,,,,,,,,,,,,1,,,,,2020
,,,,,,,,,,1,,1,,,,,,,,,,,,,,,,,,,,,,,1,,1,,,2020
,,,,,,,,,,1,,1,,,,,,,,,,,,,,,,,,,,,,1,,,,,,2020
,,,,,,,,,,1,,1,,,,,,,,,,,,,,,,,,,,,,1,,,,1,,2020
,,,,,,,,,,1,,1,,,,,,,,,,,,,,,,,,,,,1,,,,,,,2020
,,,,,,,,,,1,,1,,,,,,,,,,,,,,,,,,,,1,,,,,,,,2020
,,,,,,,,,,1,,1,,,,,,,,,,,,,,,,,,,1,,,,,,,,,2020
,,,,,,,,,,1,,1,,,,,,,,,,,,,,,,,,,1,,,,,,1,,,2020
,,,,,,,,,,1,,1,,,,,,,,,,,,,,,,,,1,,,,,,,,,,2020
,,,,,,,,,,1,,1,,,,,,,,,,,,,,,,,,1,,,,,,,1,,,2020
,,,,,,,,,,1,,1,,,,,,,,,,,,,,,,,1,,,,,,,,,,,2020
,,,,,,,,,,1,,1,,,,,,,,,,,,,,,,,1,,,,,,,,,1,,2020
,,,,,,,,,,1,,1,,,,,,,,,,,,,,,,1,,,,,,,,,,,,2020
,,,,,,,,,,1,,1,,,,,,,,,,,,,,,1,,,,,,,,,,,,,2020
,,,,,,,,,,1,,1,,,,,,,,,,,,,,,1,,,,,,,,,,,1,,2020
,,,,,,,,,,1,,1,,,,,,,,,,,,,,1,,,,,,,,,,,,,,2020
,,,,,,,,,,1,,1,,,,,,,,,,,,,,1,,,,,,,,,,,,1,,2020
,,,,,,,,,,1,,1,,,,,,,,,,,,,1,,,,,,,,,,,,,,,2020
,,,,,,,,,,1,,1,,,,,,,,,,,,,1,,,,,,,,,,,,,1,,2020
,,,,,,,,,,1,,1,,,,,,,,,,,,1,,,,,,,,,,,,,,,,2020
,,,,,,,,,,1,,1,,,,,,,,,,,1,,,,,,,,,,,,,,,,,2020
,,,,,,,,,,1,,1,,,,,,,,,,1,,,,,,,,,,,,,,,,,,2020
,,,,,,,,,,1,,1,,,,,,,,,,1,,,,,,,,,,,,,,,1,,,2020
,,,,,,,,,,1,,1,,,,,,,,,1,,,,,,,,,,,,,,,,,,,2020
,,,,,,,,,,1,,1,,,,,,,,,1,,,,,,,,,,,,,,,,,1,,2020
,,,,,,,,,,1,,1,,,,,,,,1,,,,,,,,,,,,,,,,,,,,2020
,,,,,,,,,,1,,1,,,,,,,1,,,,,,,,,,,,,,,,,,,,,2020
,,,,,,,,,,1,,1,,,,,,,1,,,,,,,,,,,,,,,,,,1,,,2020
,,,,,,,,,,1,,1,,,,,,1,,,,,,,,,,,,,,,,,,,,,,2020
,,,,,,,,,,1,,1,,,,,1,,,,,,,,,,,,,,,,,,,,,,,2020
,,,,,,,,,,1,,1,,,1,,,,,,,,,,,,,,,,,,,,,,,,,2020
,,,,,,,,,,1,,1,,,1,,,,,,,,,,,,,,,,,,,,,,1,,,2020
,,,,,,,,,,1,,1,,1,,,,,,,,,,,,,,,,,,,,,,,,,,2020
,,,,,,,,,,1,,1,,1,,,,,,,,,,,,,,,,,,,,,,,,1,,2020
,,,,,,,,,,1,,1,,1,,,,,,,,,,,,,,,,,,,,,,,1,,,2020
,,,,,,,,,,1,,1,1,,,,,,,,,,,,,,,,,,,,,,,,,,,2020
,,,,,,,,,,1,,1,1,,,,,,,,,,,,,,,,,,,,,,,,1,,,2020
,,,,,,,,,,1,1,,,,,,,,,,,,,,,,,,,,,,,,,1,,,,2020
,,,,,,,,,,1,1,,,,,,,,,,,,,,,,,,,,,,,,,1,,1,,2020
,,,,,,,,,1,,,,,,,1,,,,,,,,,,,,,,,,,,,,,,,,2020
,,,,,,,,,1,,,,,,,1,,,,,,,,,,,,,,,,,,,,,,,1,2020
,,,,,,,,,1,,,,,,,1,,,,,,,,,,,,,,,,,,,,,1,,,2020
,,,,,,,,,1,,,1,,,,,,,,,,,,,,,,,,,,,,,1,,,,,2020
,,,,,,,,,1,,,1,,,,,,,,,,,,,,,,,,,,,,,1,,1,,,2020
,,,,,,,,,1,,,1,,,,,,,,,,,,,,,,,,,,,,1,,,,,,2020
,,,,,,,,,1,,,1,,,,,,,,,,,,,,,,,,,,,,1,,,,1,,2020
,,,,,,,,,1,,,1,,,,,,,,,,,,,,,,,,,,,1,,,,,,,2020
,,,,,,,,,1,,,1,,,,,,,,,,,,,,,,,,,,1,,,,,,,,2020
,,,,,,,,,1,,,1,,,,,,,,,,,,,,,,,,,1,,,,,,,,,2020
,,,,,,,,,1,,,1,,,,,,,,,,,,,,,,,,,1,,,,,,1,,,2020
,,,,,,,,,1,,,1,,,,,,,,,,,,,,,,,,1,,,,,,,,,,2020
,,,,,,,,,1,,,1,,,,,,,,,,,,,,,,,,1,,,,,,,1,,,2020
,,,,,,,,,1,,,1,,,,,,,,,,,,,,,,,1,,,,,,,,,,,2020
,,,,,,,,,1,,,1,,,,,,,,,,,,,,,,,1,,,,,,,,,1,,2020
,,,,,,,,,1,,,1,,,,,,,,,,,,,,,,1,,,,,,,,,,,,2020
,,,,,,,,,1,,,1,,,,,,,,,,,,,,,1,,,,,,,,,,,,,2020
,,,,,,,,,1,,,1,,,,,,,,,,,,,,,1,,,,,,,,,,,1,,2020
,,,,,,,,,1,,,1,,,,,,,,,,,,,,1,,,,,,,,,,,,,,2020
,,,,,,,,,1,,,1,,,,,,,,,,,,,,1,,,,,,,,,,,,1,,2020
,,,,,,,,,1,,,1,,,,,,,,,,,,,1,,,,,,,,,,,,,,,2020
,,,,,,,,,1,,,1,,,,,,,,,,,,,1,,,,,,,,,,,,,1,,2020
,,,,,,,,,1,,,1,,,,,,,,,,,,1,,,,,,,,,,,,,,,,2020
,,,,,,,,,1,,,1,,,,,,,,,,,1,,,,,,,,,,,,,,,,,2020
,,,,,,,,,1,,,1,,,,,,,,,,1,,,,,,,,,,,,,,,,,,2020
,,,,,,,,,1,,,1,,,,,,,,,,1,,,,,,,,,,,,,,,1,,,2020
,,,,,,,,,1,,,1,,,,,,,,,1,,,,,,,,,,,,,,,,,,,2020
,,,,,,,,,1,,,1,,,,,,,,,1,,,,,,,,,,,,,,,,,1,,2020
,,,,,,,,,1,,,1,,,,,,,,1,,,,,,,,,,,,,,,,,,,,2020
,,,,,,,,,1,,,1,,,,,,,1,,,,,,,,,,,,,,,,,,,,,2020
,,,,,,,,,1,,,1,,,,,,,1,,,,,,,,,,,,,,,,,,1,,,2020
,,,,,,,,,1,,,1,,,,,,1,,,,,,,,,,,,,,,,,,,,,,2020
,,,,,,,,,1,,,1,,,,,1,,,,,,,,,,,,,,,,,,,,,,,2020
,,,,,,,,,1,,,1,,,1,,,,,,,,,,,,,,,,,,,,,,,,,2020
,,,,,,,,,1,,,1,,,1,,,,,,,,,,,,,,,,,,,,,,1,,,2020
,,,,,,,,,1,,,1,,1,,,,,,,,,,,,,,,,,,,,,,,,,,2020
,,,,,,,,,1,,,1,,1,,,,,,,,,,,,,,,,,,,,,,,,1,,2020
,,,,,,,,,1,,,1,,1,,,,,,,,,,,,,,,,,,,,,,,1,,,2020
,,,,,,,,,1,,,1,1,,,,,,,,,,,,,,,,,,,,,,,,,,,2020
,,,,,,,,,1,,,1,1,,,,,,,,,,,,,,,,,,,,,,,,1,,,2020
,,,,,,,,,1,,1,,,,,,,,,,,,,,,,,,,,,,,,,1,,,,2020
,,,,,,,,,1,,1,,,,,,,,,,,,,,,,,,,,,,,,,1,,1,,2020
,,,,,,,,1,,,,,,,,1,,,,,,,,,,,,,,,,,,,,,,,,2020
,,,,,,,,1,,,,,,,,1,,,,,,,,,,,,,,,,,,,,,,,1,2020
,,,,,,,,1,,,,,,,,1,,,,,,,,,,,,,,,,,,,,,1,,,2020
,,,,,,,,1,,,,1,,,,,,,,,,,,,,,,,,,,,,,1,,,,,2020
,,,,,,,,1,,,,1,,,,,,,,,,,,,,,,,,,,,,,1,,1,,,2020
,,,,,,,,1,,,,1,,,,,,,,,,,,,,,,,,,,,,1,,,,,,2020
,,,,,,,,1,,,,1,,,,,,,,,,,,,,,,,,,,,,1,,,,1,,2020
,,,,,,,,1,,,,1,,,,,,,,,,,,,,,,,,,,,1,,,,,,,2020
,,,,,,,,1,,,,1,,,,,,,,,,,,,,,,,,,,1,,,,,,,,2020
,,,,,,,,1,,,,1,,,,,,,,,,,,,,,,,,,1,,,,,,,,,2020
,,,,,,,,1,,,,1,,,,,,,,,,,,,,,,,,,1,,,,,,1,,,2020
,,,,,,,,1,,,,1,,,,,,,,,,,,,,,,,,1,,,,,,,,,,2020
,,,,,,,,1,,,,1,,,,,,,,,,,,,,,,,,1,,,,,,,1,,,2020
,,,,,,,,1,,,,1,,,,,,,,,,,,,,,,,1,,,,,,,,,,,2020
,,,,,,,,1,,,,1,,,,,,,,,,,,,,,,,1,,,,,,,,,1,,2020
,,,,,,,,1,,,,1,,,,,,,,,,,,,,,,1,,,,,,,,,,,,2020
,,,,,,,,1,,,,1,,,,,,,,,,,,,,,1,,,,,,,,,,,,,2020
,,,,,,,,1,,,,1,,,,,,,,,,,,,,,1,,,,,,,,,,,1,,2020
,,,,,,,,1,,,,1,,,,,,,,,,,,,,1,,,,,,,,,,,,,,2020
,,,,,,,,1,,,,1,,,,,,,,,,,,,,1,,,,,,,,,,,,1,,2020
,,,,,,,,1,,,,1,,,,,,,,,,,,,1,,,,,,,,,,,,,,,2020
,,,,,,,,1,,,,1,,,,,,,,,,,,,1,,,,,,,,,,,,,1,,2020
,,,,,,,,1,,,,1,,,,,,,,,,,,1,,,,,,,,,,,,,,,,2020
,,,,,,,,1,,,,1,,,,,,,,,,,1,,,,,,,,,,,,,,,,,2020
,,,,,,,,1,,,,1,,,,,,,,,,1,,,,,,,,,,,,,,,,,,2020
,,,,,,,,1,,,,1,,,,,,,,,,1,,,,,,,,,,,,,,,1,,,2020
,,,,,,,,1,,,,1,,,,,,,,,1,,,,,,,,,,,,,,,,,,,2020
,,,,,,,,1,,,,1,,,,,,,,,1,,,,,,,,,,,,,,,,,1,,2020
,,,,,,,,1,,,,1,,,,,,,,1,,,,,,,,,,,,,,,,,,,,2020
,,,,,,,,1,,,,1,,,,,,,1,,,,,,,,,,,,,,,,,,,,,2020
,,,,,,,,1,,,,1,,,,,,,1,,,,,,,,,,,,,,,,,,1,,,2020
,,,,,,,,1,,,,1,,,,,,1,,,,,,,,,,,,,,,,,,,,,,2020
,,,,,,,,1,,,,1,,,,,1,,,,,,,,,,,,,,,,,,,,,,,2020
,,,,,,,,1,,,,1,,,1,,,,,,,,,,,,,,,,,,,,,,,,,2020
,,,,,,,,1,,,,1,,,1,,,,,,,,,,,,,,,,,,,,,,1,,,2020
,,,,,,,,1,,,,1,,1,,,,,,,,,,,,,,,,,,,,,,,,,,2020
,,,,,,,,1,,,,1,,1,,,,,,,,,,,,,,,,,,,,,,,,1,,2020
,,,,,,,,1,,,,1,,1,,,,,,,,,,,,,,,,,,,,,,,1,,,2020
,,,,,,,,1,,,,1,1,,,,,,,,,,,,,,,,,,,,,,,,,,,2020
,,,,,,,,1,,,,1,1,,,,,,,,,,,,,,,,,,,,,,,,1,,,2020
,,,,,,,,1,,,1,,,,,,,,,,,,,,,,,,,,,,,,,1,,,,2020
,,,,,,,,1,,,1,,,,,,,,,,,,,,,,,,,,,,,,,1,,1,,2020
,,,,,,,1,,,,,,,,,1,,,,,,,,,,,,,,,,,,,,,,,,2020
,,,,,,,1,,,,,,,,,1,,,,,,,,,,,,,,,,,,,,,,,1,2020
,,,,,,,1,,,,,,,,,1,,,,,,,,,,,,,,,,,,,,,1,,,2020
,,,,,,,1,,,,,1,,,,,,,,,,,,,,,,,,,,,,,1,,,,,2020
,,,,,,,1,,,,,1,,,,,,,,,,,,,,,,,,,,,,,1,,1,,,2020
,,,,,,,1,,,,,1,,,,,,,,,,,,,,,,,,,,,,1,,,,,,2020
,,,,,,,1,,,,,1,,,,,,,,,,,,,,,,,,,,,,1,,,,1,,2020
,,,,,,,1,,,,,1,,,,,,,,,,,,,,,,,,,,,1,,,,,,,2020
,,,,,,,1,,,,,1,,,,,,,,,,,,,,,,,,,,1,,,,,,,,2020
,,,,,,,1,,,,,1,,,,,,,,,,,,,,,,,,,1,,,,,,,,,2020
,,,,,,,1,,,,,1,,,,,,,,,,,,,,,,,,,1,,,,,,1,,,2020
,,,,,,,1,,,,,1,,,,,,,,,,,,,,,,,,1,,,,,,,,,,2020
,,,,,,,1,,,,,1,,,,,,,,,,,,,,,,,,1,,,,,,,1,,,2020
,,,,,,,1,,,,,1,,,,,,,,,,,,,,,,,1,,,,,,,,,,,2020
,,,,,,,1,,,,,1,,,,,,,,,,,,,,,,,1,,,,,,,,,1,,2020
,,,,,,,1,,,,,1,,,,,,,,,,,,,,,,1,,,,,,,,,,,,2020
,,,,,,,1,,,,,1,,,,,,,,,,,,,,,1,,,,,,,,,,,,,2020
,,,,,,,1,,,,,1,,,,,,,,,,,,,,,1,,,,,,,,,,,1,,2020
,,,,,,,1,,,,,1,,,,,,,,,,,,,,1,,,,,,,,,,,,,,2020
,,,,,,,1,,,,,1,,,,,,,,,,,,,,1,,,,,,,,,,,,1,,2020
,,,,,,,1,,,,,1,,,,,,,,,,,,,1,,,,,,,,,,,,,,,2020
,,,,,,,1,,,,,1,,,,,,,,,,,,,1,,,,,,,,,,,,,1,,2020
,,,,,,,1,,,,,1,,,,,,,,,,,,1,,,,,,,,,,,,,,,,2020
,,,,,,,1,,,,,1,,,,,,,,,,,1,,,,,,,,,,,,,,,,,2020
,,,,,,,1,,,,,1,,,,,,,,,,1,,,,,,,,,,,,,,,,,,2020
,,,,,,,1,,,,,1,,,,,,,,,,1,,,,,,,,,,,,,,,1,,,2020
,,,,,,,1,,,,,1,,,,,,,,,1,,,,,,,,,,,,,,,,,,,2020
,,,,,,,1,,,,,1,,,,,,,,,1,,,,,,,,,,,,,,,,,1,,2020
,,,,,,,1,,,,,1,,,,,,,,1,,,,,,,,,,,,,,,,,,,,2020
,,,,,,,1,,,,,1,,,,,,,1,,,,,,,,,,,,,,,,,,,,,2020
,,,,,,,1,,,,,1,,,,,,,1,,,,,,,,,,,,,,,,,,1,,,2020
,,,,,,,1,,,,,1,,,,,,1,,,,,,,,,,,,,,,,,,,,,,2020
,,,,,,,1,,,,,1,,,,,1,,,,,,,,,,,,,,,,,,,,,,,2020
,,,,,,,1,,,,,1,,,1,,,,,,,,,,,,,,,,,,,,,,,,,2020
,,,,,,,1,,,,,1,,,1,,,,,,,,,,,,,,,,,,,,,,1,,,2020
,,,,,,,1,,,,,1,,1,,,,,,,,,,,,,,,,,,,,,,,,,,2020
,,,,,,,1,,,,,1,,1,,,,,,,,,,,,,,,,,,,,,,,,1,,2020
,,,,,,,1,,,,,1,,1,,,,,,,,,,,,,,,,,,,,,,,1,,,2020
,,,,,,,1,,,,,1,1,,,,,,,,,,,,,,,,,,,,,,,,,,,2020
,,,,,,,1,,,,,1,1,,,,,,,,,,,,,,,,,,,,,,,,1,,,2020
,,,,,,,1,,,,1,,,,,,,,,,,,,,,,,,,,,,,,,1,,,,2020
,,,,,,,1,,,,1,,,,,,,,,,,,,,,,,,,,,,,,,1,,1,,2020
,,,,,,1,,,,,,,,,,1,,,,,,,,,,,,,,,,,,,,,,,,2020
,,,,,,1,,,,,,,,,,1,,,,,,,,,,,,,,,,,,,,,,,1,2020
,,,,,,1,,,,,,,,,,1,,,,,,,,,,,,,,,,,,,,,1,,,2020
,,,,,,1,,,,,,1,,,,,,,,,,,,,,,,,,,,,,,1,,,,,2020
,,,,,,1,,,,,,1,,,,,,,,,,,,,,,,,,,,,,,1,,1,,,2020
,,,,,,1,,,,,,1,,,,,,,,,,,,,,,,,,,,,,1,,,,,,2020
,,,,,,1,,,,,,1,,,,,,,,,,,,,,,,,,,,,,1,,,,1,,2020
,,,,,,1,,,,,,1,,,,,,,,,,,,,,,,,,,,,1,,,,,,,2020
,,,,,,1,,,,,,1,,,,,,,,,,,,,,,,,,,,1,,,,,,,,2020
,,,,,,1,,,,,,1,,,,,,,,,,,,,,,,,,,1,,,,,,,,,2020
,,,,,,1,,,,,,1,,,,,,,,,,,,,,,,,,,1,,,,,,1,,,2020
,,,,,,1,,,,,,1,,,,,,,,,,,,,,,,,,1,,,,,,,,,,2020
,,,,,,1,,,,,,1,,,,,,,,,,,,,,,,,,1,,,,,,,1,,,2020
,,,,,,1,,,,,,1,,,,,,,,,,,,,,,,,1,,,,,,,,,,,2020
,,,,,,1,,,,,,1,,,,,,,,,,,,,,,,,1,,,,,,,,,1,,2020
,,,,,,1,,,,,,1,,,,,,,,,,,,,,,,1,,,,,,,,,,,,2020
,,,,,,1,,,,,,1,,,,,,,,,,,,,,,1,,,,,,,,,,,,,2020
,,,,,,1,,,,,,1,,,,,,,,,,,,,,,1,,,,,,,,,,,1,,2020
,,,,,,1,,,,,,1,,,,,,,,,,,,,,1,,,,,,,,,,,,,,2020
,,,,,,1,,,,,,1,,,,,,,,,,,,,,1,,,,,,,,,,,,1,,2020
,,,,,,1,,,,,,1,,,,,,,,,,,,,1,,,,,,,,,,,,,,,2020
,,,,,,1,,,,,,1,,,,,,,,,,,,,1,,,,,,,,,,,,,1,,2020
,,,,,,1,,,,,,1,,,,,,,,,,,,1,,,,,,,,,,,,,,,,2020
,,,,,,1,,,,,,1,,,,,,,,,,,1,,,,,,,,,,,,,,,,,2020
,,,,,,1,,,,,,1,,,,,,,,,,1,,,,,,,,,,,,,,,,,,2020
,,,,,,1,,,,,,1,,,,,,,,,,1,,,,,,,,,,,,,,,1,,,2020
,,,,,,1,,,,,,1,,,,,,,,,1,,,,,,,,,,,,,,,,,,,2020
,,,,,,1,,,,,,1,,,,,,,,,1,,,,,,,,,,,,,,,,,1,,2020
,,,,,,1,,,,,,1,,,,,,,,1,,,,,,,,,,,,,,,,,,,,2020
,,,,,,1,,,,,,1,,,,,,,1,,,,,,,,,,,,,,,,,,,,,2020
,,,,,,1,,,,,,1,,,,,,,1,,,,,,,,,,,,,,,,,,1,,,2020
,,,,,,1,,,,,,1,,,,,,1,,,,,,,,,,,,,,,,,,,,,,2020
,,,,,,1,,,,,,1,,,,,1,,,,,,,,,,,,,,,,,,,,,,,2020
,,,,,,1,,,,,,1,,,1,,,,,,,,,,,,,,,,,,,,,,,,,2020
,,,,,,1,,,,,,1,,,1,,,,,,,,,,,,,,,,,,,,,,1,,,2020
,,,,,,1,,,,,,1,,1,,,,,,,,,,,,,,,,,,,,,,,,,,2020
,,,,,,1,,,,,,1,,1,,,,,,,,,,,,,,,,,,,,,,,,1,,2020
,,,,,,1,,,,,,1,,1,,,,,,,,,,,,,,,,,,,,,,,1,,,2020
,,,,,,1,,,,,,1,1,,,,,,,,,,,,,,,,,,,,,,,,,,,2020
,,,,,,1,,,,,,1,1,,,,,,,,,,,,,,,,,,,,,,,,1,,,2020
,,,,,,1,,,,,1,,,,,,,,,,,,,,,,,,,,,,,,,1,,,,2020
,,,,,,1,,,,,1,,,,,,,,,,,,,,,,,,,,,,,,,1,,1,,2020
,,,,,1,,,,,,,,,,,1,,,,,,,,,,,,,,,,,,,,,,,,2020
,,,,,1,,,,,,,,,,,1,,,,,,,,,,,,,,,,,,,,,,,1,2020
,,,,,1,,,,,,,,,,,1,,,,,,,,,,,,,,,,,,,,,1,,,2020
,,,,,1,,,,,,,1,,,,,,,,,,,,,,,,,,,,,,,1,,,,,2020
,,,,,1,,,,,,,1,,,,,,,,,,,,,,,,,,,,,,,1,,1,,,2020
,,,,,1,,,,,,,1,,,,,,,,,,,,,,,,,,,,,,1,,,,,,2020
,,,,,1,,,,,,,1,,,,,,,,,,,,,,,,,,,,,,1,,,,1,,2020
,,,,,1,,,,,,,1,,,,,,,,,,,,,,,,,,,,,1,,,,,,,2020
,,,,,1,,,,,,,1,,,,,,,,,,,,,,,,,,,,1,,,,,,,,2020
,,,,,1,,,,,,,1,,,,,,,,,,,,,,,,,,,1,,,,,,,,,2020
,,,,,1,,,,,,,1,,,,,,,,,,,,,,,,,,,1,,,,,,1,,,2020
,,,,,1,,,,,,,1,,,,,,,,,,,,,,,,,,1,,,,,,,,,,2020
,,,,,1,,,,,,,1,,,,,,,,,,,,,,,,,,1,,,,,,,1,,,2020
,,,,,1,,,,,,,1,,,,,,,,,,,,,,,,,1,,,,,,,,,,,2020
,,,,,1,,,,,,,1,,,,,,,,,,,,,,,,,1,,,,,,,,,1,,2020
,,,,,1,,,,,,,1,,,,,,,,,,,,,,,,1,,,,,,,,,,,,2020
,,,,,1,,,,,,,1,,,,,,,,,,,,,,,1,,,,,,,,,,,,,2020
,,,,,1,,,,,,,1,,,,,,,,,,,,,,,1,,,,,,,,,,,1,,2020
,,,,,1,,,,,,,1,,,,,,,,,,,,,,1,,,,,,,,,,,,,,2020
,,,,,1,,,,,,,1,,,,,,,,,,,,,,1,,,,,,,,,,,,1,,2020
,,,,,1,,,,,,,1,,,,,,,,,,,,,1,,,,,,,,,,,,,,,2020
,,,,,1,,,,,,,1,,,,,,,,,,,,,1,,,,,,,,,,,,,1,,2020
,,,,,1,,,,,,,1,,,,,,,,,,,,1,,,,,,,,,,,,,,,,2020
,,,,,1,,,,,,,1,,,,,,,,,,,1,,,,,,,,,,,,,,,,,2020
,,,,,1,,,,,,,1,,,,,,,,,,1,,,,,,,,,,,,,,,,,,2020
,,,,,1,,,,,,,1,,,,,,,,,,1,,,,,,,,,,,,,,,1,,,2020
,,,,,1,,,,,,,1,,,,,,,,,1,,,,,,,,,,,,,,,,,,,2020
,,,,,1,,,,,,,1,,,,,,,,,1,,,,,,,,,,,,,,,,,1,,2020
,,,,,1,,,,,,,1,,,,,,,,1,,,,,,,,,,,,,,,,,,,,2020
,,,,,1,,,,,,,1,,,,,,,1,,,,,,,,,,,,,,,,,,,,,2020
,,,,,1,,,,,,,1,,,,,,,1,,,,,,,,,,,,,,,,,,1,,,2020
,,,,,1,,,,,,,1,,,,,,1,,,,,,,,,,,,,,,,,,,,,,2020
,,,,,1,,,,,,,1,,,,,1,,,,,,,,,,,,,,,,,,,,,,,2020
,,,,,1,,,,,,,1,,,1,,,,,,,,,,,,,,,,,,,,,,,,,2020
,,,,,1,,,,,,,1,,,1,,,,,,,,,,,,,,,,,,,,,,1,,,2020
,,,,,1,,,,,,,1,,1,,,,,,,,,,,,,,,,,,,,,,,,,,2020
,,,,,1,,,,,,,1,,1,,,,,,,,,,,,,,,,,,,,,,,,1,,2020
,,,,,1,,,,,,,1,,1,,,,,,,,,,,,,,,,,,,,,,,1,,,2020
,,,,,1,,,,,,,1,1,,,,,,,,,,,,,,,,,,,,,,,,,,,2020
,,,,,1,,,,,,,1,1,,,,,,,,,,,,,,,,,,,,,,,,1,,,2020
,,,,,1,,,,,,1,,,,,,,,,,,,,,,,,,,,,,,,,1,,,,2020
,,,,,1,,,,,,1,,,,,,,,,,,,,,,,,,,,,,,,,1,,1,,2020
,,,,1,,,,,,,,,,,,1,,,,,,,,,,,,,,,,,,,,,,,,2020
,,,,1,,,,,,,,,,,,1,,,,,,,,,,,,,,,,,,,,,,,1,2020
,,,,1,,,,,,,,,,,,1,,,,,,,,,,,,,,,,,,,,,1,,,2020
,,,,1,,,,,,,,1,,,,,,,,,,,,,,,,,,,,,,,1,,,,,2020
,,,,1,,,,,,,,1,,,,,,,,,,,,,,,,,,,,,,,1,,1,,,2020
,,,,1,,,,,,,,1,,,,,,,,,,,,,,,,,,,,,,1,,,,,,2020
,,,,1,,,,,,,,1,,,,,,,,,,,,,,,,,,,,,,1,,,,1,,2020
,,,,1,,,,,,,,1,,,,,,,,,,,,,,,,,,,,,1,,,,,,,2020
,,,,1,,,,,,,,1,,,,,,,,,,,,,,,,,,,,1,,,,,,,,2020
,,,,1,,,,,,,,1,,,,,,,,,,,,,,,,,,,1,,,,,,,,,2020
,,,,1,,,,,,,,1,,,,,,,,,,,,,,,,,,,1,,,,,,1,,,2020
,,,,1,,,,,,,,1,,,,,,,,,,,,,,,,,,1,,,,,,,,,,2020
,,,,1,,,,,,,,1,,,,,,,,,,,,,,,,,,1,,,,,,,1,,,2020
,,,,1,,,,,,,,1,,,,,,,,,,,,,,,,,1,,,,,,,,,,,2020
,,,,1,,,,,,,,1,,,,,,,,,,,,,,,,,1,,,,,,,,,1,,2020
,,,,1,,,,,,,,1,,,,,,,,,,,,,,,,1,,,,,,,,,,,,2020
,,,,1,,,,,,,,1,,,,,,,,,,,,,,,1,,,,,,,,,,,,,2020
,,,,1,,,,,,,,1,,,,,,,,,,,,,,,1,,,,,,,,,,,1,,2020
,,,,1,,,,,,,,1,,,,,,,,,,,,,,1,,,,,,,,,,,,,,2020
,,,,1,,,,,,,,1,,,,,,,,,,,,,,1,,,,,,,,,,,,1,,2020
,,,,1,,,,,,,,1,,,,,,,,,,,,,1,,,,,,,,,,,,,,,2020
,,,,1,,,,,,,,1,,,,,,,,,,,,,1,,,,,,,,,,,,,1,,2020
,,,,1,,,,,,,,1,,,,,,,,,,,,1,,,,,,,,,,,,,,,,2020
,,,,1,,,,,,,,1,,,,,,,,,,,1,,,,,,,,,,,,,,,,,2020
,,,,1,,,,,,,,1,,,,,,,,,,1,,,,,,,,,,,,,,,,,,2020
,,,,1,,,,,,,,1,,,,,,,,,,1,,,,,,,,,,,,,,,1,,,2020
,,,,1,,,,,,,,1,,,,,,,,,1,,,,,,,,,,,,,,,,,,,2020
,,,,1,,,,,,,,1,,,,,,,,,1,,,,,,,,,,,,,,,,,1,,2020
,,,,1,,,,,,,,1,,,,,,,,1,,,,,,,,,,,,,,,,,,,,2020
,,,,1,,,,,,,,1,,,,,,,1,,,,,,,,,,,,,,,,,,,,,2020
,,,,1,,,,,,,,1,,,,,,,1,,,,,,,,,,,,,,,,,,1,,,2020
,,,,1,,,,,,,,1,,,,,,1,,,,,,,,,,,,,,,,,,,,,,2020
,,,,1,,,,,,,,1,,,,,1,,,,,,,,,,,,,,,,,,,,,,,2020
,,,,1,,,,,,,,1,,,1,,,,,,,,,,,,,,,,,,,,,,,,,2020
,,,,1,,,,,,,,1,,,1,,,,,,,,,,,,,,,,,,,,,,1,,,2020
,,,,1,,,,,,,,1,,1,,,,,,,,,,,,,,,,,,,,,,,,,,2020
,,,,1,,,,,,,,1,,1,,,,,,,,,,,,,,,,,,,,,,,,1,,2020
,,,,1,,,,,,,,1,,1,,,,,,,,,,,,,,,,,,,,,,,1,,,2020
,,,,1,,,,,,,,1,1,,,,,,,,,,,,,,,,,,,,,,,,,,,2020
,,,,1,,,,,,,,1,1,,,,,,,,,,,,,,,,,,,,,,,,1,,,2020
,,,,1,,,,,,,1,,,,,,,,,,,,,,,,,,,,,,,,,1,,,,2020
,,,,1,,,,,,,1,,,,,,,,,,,,,,,,,,,,,,,,,1,,1,,2020
,,,1,,,,,,,,,,,,,1,,,,,,,,,,,,,,,,,,,,,,,,2020
,,,1,,,,,,,,,,,,,1,,,,,,,,,,,,,,,,,,,,,,,1,2020
,,,1,,,,,,,,,,,,,1,,,,,,,,,,,,,,,,,,,,,1,,,2020
,,,1,,,,,,,,,1,,,,,,,,,,,,,,,,,,,,,,,1,,,,,2020
,,,1,,,,,,,,,1,,,,,,,,,,,,,,,,,,,,,,,1,,1,,,2020
,,,1,,,,,,,,,1,,,,,,,,,,,,,,,,,,,,,,1,,,,,,2020
,,,1,,,,,,,,,1,,,,,,,,,,,,,,,,,,,,,,1,,,,1,,2020
,,,1,,,,,,,,,1,,,,,,,,,,,,,,,,,,,,,1,,,,,,,2020
,,,1,,,,,,,,,1,,,,,,,,,,,,,,,,,,,,1,,,,,,,,2020
,,,1,,,,,,,,,1,,,,,,,,,,,,,,,,,,,1,,,,,,,,,2020
,,,1,,,,,,,,,1,,,,,,,,,,,,,,,,,,,1,,,,,,1,,,2020
,,,1,,,,,,,,,1,,,,,,,,,,,,,,,,,,1,,,,,,,,,,2020
,,,1,,,,,,,,,1,,,,,,,,,,,,,,,,,,1,,,,,,,1,,,2020
,,,1,,,,,,,,,1,,,,,,,,,,,,,,,,,1,,,,,,,,,,,2020
,,,1,,,,,,,,,1,,,,,,,,,,,,,,,,,1,,,,,,,,,1,,2020
,,,1,,,,,,,,,1,,,,,,,,,,,,,,,,1,,,,,,,,,,,,2020
,,,1,,,,,,,,,1,,,,,,,,,,,,,,,1,,,,,,,,,,,,,2020
,,,1,,,,,,,,,1,,,,,,,,,,,,,,,1,,,,,,,,,,,1,,2020
,,,1,,,,,,,,,1,,,,,,,,,,,,,,1,,,,,,,,,,,,,,2020
,,,1,,,,,,,,,1,,,,,,,,,,,,,,1,,,,,,,,,,,,1,,2020
,,,1,,,,,,,,,1,,,,,,,,,,,,,1,,,,,,,,,,,,,,,2020
,,,1,,,,,,,,,1,,,,,,,,,,,,,1,,,,,,,,,,,,,1,,2020
,,,1,,,,,,,,,1,,,,,,,,,,,,1,,,,,,,,,,,,,,,,2020
,,,1,,,,,,,,,1,,,,,,,,,,,1,,,,,,,,,,,,,,,,,2020
,,,1,,,,,,,,,1,,,,,,,,,,1,,,,,,,,,,,,,,,,,,2020
,,,1,,,,,,,,,1,,,,,,,,,,1,,,,,,,,,,,,,,,1,,,2020
,,,1,,,,,,,,,1,,,,,,,,,1,,,,,,,,,,,,,,,,,,,2020
,,,1,,,,,,,,,1,,,,,,,,,1,,,,,,,,,,,,,,,,,1,,2020
,,,1,,,,,,,,,1,,,,,,,,1,,,,,,,,,,,,,,,,,,,,2020
,,,1,,,,,,,,,1,,,,,,,1,,,,,,,,,,,,,,,,,,,,,2020
,,,1,,,,,,,,,1,,,,,,,1,,,,,,,,,,,,,,,,,,1,,,2020
,,,1,,,,,,,,,1,,,,,,1,,,,,,,,,,,,,,,,,,,,,,2020
,,,1,,,,,,,,,1,,,,,1,,,,,,,,,,,,,,,,,,,,,,,2020
,,,1,,,,,,,,,1,,,1,,,,,,,,,,,,,,,,,,,,,,,,,2020
,,,1,,,,,,,,,1,,,1,,,,,,,,,,,,,,,,,,,,,,1,,,2020
,,,1,,,,,,,,,1,,1,,,,,,,,,,,,,,,,,,,,,,,,,,2020
,,,1,,,,,,,,,1,,1,,,,,,,,,,,,,,,,,,,,,,,,1,,2020
,,,1,,,,,,,,,1,,1,,,,,,,,,,,,,,,,,,,,,,,1,,,2020
,,,1,,,,,,,,,1,1,,,,,,,,,,,,,,,,,,,,,,,,,,,2020
,,,1,,,,,,,,,1,1,,,,,,,,,,,,,,,,,,,,,,,,1,,,2020
,,,1,,,,,,,,1,,,,,,,,,,,,,,,,,,,,,,,,,1,,,,2020
,,,1,,,,,,,,1,,,,,,,,,,,,,,,,,,,,,,,,,1,,1,,2020
,,1,,,,,,,,,,,,,,1,,,,,,,,,,,,,,,,,,,,,,,,2020
,,1,,,,,,,,,,,,,,1,,,,,,,,,,,,,,,,,,,,,,,1,2020
,,1,,,,,,,,,,,,,,1,,,,,,,,,,,,,,,,,,,,,1,,,2020
,,1,,,,,,,,,,1,,,,,,,,,,,,,,,,,,,,,,,1,,,,,2020
,,1,,,,,,,,,,1,,,,,,,,,,,,,,,,,,,,,,,1,,1,,,2020
,,1,,,,,,,,,,1,,,,,,,,,,,,,,,,,,,,,,1,,,,,,2020
,,1,,,,,,,,,,1,,,,,,,,,,,,,,,,,,,,,,1,,,,1,,2020
,,1,,,,,,,,,,1,,,,,,,,,,,,,,,,,,,,,1,,,,,,,2020
,,1,,,,,,,,,,1,,,,,,,,,,,,,,,,,,,,1,,,,,,,,2020
,,1,,,,,,,,,,1,,,,,,,,,,,,,,,,,,,1,,,,,,,,,2020
,,1,,,,,,,,,,1,,,,,,,,,,,,,,,,,,,1,,,,,,1,,,2020
,,1,,,,,,,,,,1,,,,,,,,,,,,,,,,,,1,,,,,,,,,,2020
,,1,,,,,,,,,,1,,,,,,,,,,,,,,,,,,1,,,,,,,1,,,2020
,,1,,,,,,,,,,1,,,,,,,,,,,,,,,,,1,,,,,,,,,,,2020
,,1,,,,,,,,,,1,,,,,,,,,,,,,,,,,1,,,,,,,,,1,,2020
,,1,,,,,,,,,,1,,,,,,,,,,,,,,,,1,,,,,,,,,,,,2020
,,1,,,,,,,,,,1,,,,,,,,,,,,,,,1,,,,,,,,,,,,,2020
,,1,,,,,,,,,,1,,,,,,,,,,,,,,,1,,,,,,,,,,,1,,2020
,,1,,,,,,,,,,1,,,,,,,,,,,,,,1,,,,,,,,,,,,,,2020
,,1,,,,,,,,,,1,,,,,,,,,,,,,,1,,,,,,,,,,,,1,,2020
,,1,,,,,,,,,,1,,,,,,,,,,,,,1,,,,,,,,,,,,,,,2020
,,1,,,,,,,,,,1,,,,,,,,,,,,,1,,,,,,,,,,,,,1,,2020
,,1,,,,,,,,,,1,,,,,,,,,,,,1,,,,,,,,,,,,,,,,2020
,,1,,,,,,,,,,1,,,,,,,,,,,1,,,,,,,,,,,,,,,,,2020
,,1,,,,,,,,,,1,,,,,,,,,,1,,,,,,,,,,,,,,,,,,2020
,,1,,,,,,,,,,1,,,,,,,,,,1,,,,,,,,,,,,,,,1,,,2020
,,1,,,,,,,,,,1,,,,,,,,,1,,,,,,,,,,,,,,,,,,,2020
,,1,,,,,,,,,,1,,,,,,,,,1,,,,,,,,,,,,,,,,,1,,2020
,,1,,,,,,,,,,1,,,,,,,,1,,,,,,,,,,,,,,,,,,,,2020
,,1,,,,,,,,,,1,,,,,,,1,,,,,,,,,,,,,,,,,,,,,2020
,,1,,,,,,,,,,1,,,,,,,1,,,,,,,,,,,,,,,,,,1,,,2020
,,1,,,,,,,,,,1,,,,,,1,,,,,,,,,,,,,,,,,,,,,,2020
,,1,,,,,,,,,,1,,,,,1,,,,,,,,,,,,,,,,,,,,,,,2020
,,1,,,,,,,,,,1,,,1,,,,,,,,,,,,,,,,,,,,,,,,,2020
,,1,,,,,,,,,,1,,,1,,,,,,,,,,,,,,,,,,,,,,1,,,2020
,,1,,,,,,,,,,1,,1,,,,,,,,,,,,,,,,,,,,,,,,,,2020
,,1,,,,,,,,,,1,,1,,,,,,,,,,,,,,,,,,,,,,,,1,,2020
,,1,,,,,,,,,,1,,1,,,,,,,,,,,,,,,,,,,,,,,1,,,2020
,,1,,,,,,,,,,1,1,,,,,,,,,,,,,,,,,,,,,,,,,,,2020
,,1,,,,,,,,,,1,1,,,,,,,,,,,,,,,,,,,,,,,,1,,,2020
,,1,,,,,,,,,1,,,,,,,,,,,,,,,,,,,,,,,,,1,,,,2020
,,1,,,,,,,,,1,,,,,,,,,,,,,,,,,,,,,,,,,1,,1,,2020
,1,,,,,,,,,,,,,,,1,,,,,,,,,,,,,,,,,,,,,,,,2020
,1,,,,,,,,,,,,,,,1,,,,,,,,,,,,,,,,,,,,,,,1,2020
,1,,,,,,,,,,,,,,,1,,,,,,,,,,,,,,,,,,,,,1,,,2020
,1,,,,,,,,,,,1,,,,,,,,,,,,,,,,,,,,,,,1,,,,,2020
,1,,,,,,,,,,,1,,,,,,,,,,,,,,,,,,,,,,,1,,1,,,2020
,1,,,,,,,,,,,1,,,,,,,,,,,,,,,,,,,,,,1,,,,,,2020
,1,,,,,,,,,,,1,,,,,,,,,,,,,,,,,,,,,,1,,,,1,,2020
,1,,,,,,,,,,,1,,,,,,,,,,,,,,,,,,,,,1,,,,,,,2020
,1,,,,,,,,,,,1,,,,,,,,,,,,,,,,,,,,1,,,,,,,,2020
,1,,,,,,,,,,,1,,,,,,,,,,,,,,,,,,,1,,,,,,,,,2020
,1,,,,,,,,,,,1,,,,,,,,,,,,,,,,,,,1,,,,,,1,,,2020
,1,,,,,,,,,,,1,,,,,,,,,,,,,,,,,,1,,,,,,,,,,2020
,1,,,,,,,,,,,1,,,,,,,,,,,,,,,,,,1,,,,,,,1,,,2020
,1,,,,,,,,,,,1,,,,,,,,,,,,,,,,,1,,,,,,,,,,,2020
,1,,,,,,,,,,,1,,,,,,,,,,,,,,,,,1,,,,,,,,,1,,2020
,1,,,,,,,,,,,1,,,,,,,,,,,,,,,,1,,,,,,,,,,,,2020
,1,,,,,,,,,,,1,,,,,,,,,,,,,,,1,,,,,,,,,,,,,2020
,1,,,,,,,,,,,1,,,,,,,,,,,,,,,1,,,,,,,,,,,1,,2020
,1,,,,,,,,,,,1,,,,,,,,,,,,,,1,,,,,,,,,,,,,,2020
,1,,,,,,,,,,,1,,,,,,,,,,,,,,1,,,,,,,,,,,,1,,2020
,1,,,,,,,,,,,1,,,,,,,,,,,,,1,,,,,,,,,,,,,,,2020
,1,,,,,,,,,,,1,,,,,,,,,,,,,1,,,,,,,,,,,,,1,,2020
,1,,,,,,,,,,,1,,,,,,,,,,,,1,,,,,,,,,,,,,,,,2020
,1,,,,,,,,,,,1,,,,,,,,,,,1,,,,,,,,,,,,,,,,,2020
,1,,,,,,,,,,,1,,,,,,,,,,1,,,,,,,,,,,,,,,,,,2020
,1,,,,,,,,,,,1,,,,,,,,,,1,,,,,,,,,,,,,,,1,,,2020
,1,,,,,,,,,,,1,,,,,,,,,1,,,,,,,,,,,,,,,,,,,2020
,1,,,,,,,,,,,1,,,,,,,,,1,,,,,,,,,,,,,,,,,1,,2020
,1,,,,,,,,,,,1,,,,,,,,1,,,,,,,,,,,,,,,,,,,,2020
,1,,,,,,,,,,,1,,,,,,,1,,,,,,,,,,,,,,,,,,,,,2020
,1,,,,,,,,,,,1,,,,,,,1,,,,,,,,,,,,,,,,,,1,,,2020
,1,,,,,,,,,,,1,,,,,,1,,,,,,,,,,,,,,,,,,,,,,2020
,1,,,,,,,,,,,1,,,,,1,,,,,,,,,,,,,,,,,,,,,,,2020
,1,,,,,,,,,,,1,,,1,,,,,,,,,,,,,,,,,,,,,,,,,2020
,1,,,,,,,,,,,1,,,1,,,,,,,,,,,,,,,,,,,,,,1,,,2020
,1,,,,,,,,,,,1,,1,,,,,,,,,,,,,,,,,,,,,,,,,,2020
,1,,,,,,,,,,,1,,1,,,,,,,,,,,,,,,,,,,,,,,,1,,2020
,1,,,,,,,,,,,1,,1,,,,,,,,,,,,,,,,,,,,,,,1,,,2020
,1,,,,,,,,,,,1,1,,,,,,,,,,,,,,,,,,,,,,,,,,,2020
,1,,,,,,,,,,,1,1,,,,,,,,,,,,,,,,,,,,,,,,1,,,2020
,1,,,,,,,,,,1,,,,,,,,,,,,,,,,,,,,,,,,,1,,,,2020
,1,,,,,,,,,,1,,,,,,,,,,,,,,,,,,,,,,,,,1,,1,,2020
1,,,,,,,,,,,,,,,,1,,,,,,,,,,,,,,,,,,,,,,,,2020
1,,,,,,,,,,,,,,,,1,,,,,,,,,,,,,,,,,,,,,,,1,2020
1,,,,,,,,,,,,,,,,1,,,,,,,,,,,,,,,,,,,,,1,,,2020
1,,,,,,,,,,,,1,,,,,,,,,,,,,,,,,,,,,,,1,,,,,2020
1,,,,,,,,,,,,1,,,,,,,,,,,,,,,,,,,,,,,1,,1,,,2020
1,,,,,,,,,,,,1,,,,,,,,,,,,,,,,,,,,,,1,,,,,,2020
1,,,,,,,,,,,,1,,,,,,,,,,,,,,,,,,,,,,1,,,,1,,2020
1,,,,,,,,,,,,1,,,,,,,,,,,,,,,,,,,,,1,,,,,,,2020
1,,,,,,,,,,,,1,,,,,,,,,,,,,,,,,,,,1,,,,,,,,2020
1,,,,,,,,,,,,1,,,,,,,,,,,,,,,,,,,1,,,,,,,,,2020
1,,,,,,,,,,,,1,,,,,,,,,,,,,,,,,,,1,,,,,,1,,,2020
1,,,,,,,,,,,,1,,,,,,,,,,,,,,,,,,1,,,,,,,,,,2020
1,,,,,,,,,,,,1,,,,,,,,,,,,,,,,,,1,,,,,,,1,,,2020
1,,,,,,,,,,,,1,,,,,,,,,,,,,,,,,1,,,,,,,,,,,2020
1,,,,,,,,,,,,1,,,,,,,,,,,,,,,,,1,,,,,,,,,1,,2020
1,,,,,,,,,,,,1,,,,,,,,,,,,,,,,1,,,,,,,,,,,,2020
1,,,,,,,,,,,,1,,,,,,,,,,,,,,,1,,,,,,,,,,,,,2020
1,,,,,,,,,,,,1,,,,,,,,,,,,,,,1,,,,,,,,,,,1,,2020
1,,,,,,,,,,,,1,,,,,,,,,,,,,,1,,,,,,,,,,,,,,2020
1,,,,,,,,,,,,1,,,,,,,,,,,,,,1,,,,,,,,,,,,1,,2020
1,,,,,,,,,,,,1,,,,,,,,,,,,,1,,,,,,,,,,,,,,,2020
1,,,,,,,,,,,,1,,,,,,,,,,,,,1,,,,,,,,,,,,,1,,2020
1,,,,,,,,,,,,1,,,,,,,,,,,,1,,,,,,,,,,,,,,,,2020
1,,,,,,,,,,,,1,,,,,,,,,,,1,,,,,,,,,,,,,,,,,2020
1,,,,,,,,,,,,1,,,,,,,,,,1,,,,,,,,,,,,,,,,,,2020
1,,,,,,,,,,,,1,,,,,,,,,,1,,,,,,,,,,,,,,,1,,,2020
1,,,,,,,,,,,,1,,,,,,,,,1,,,,,,,,,,,,,,,,,,,2020
1,,,,,,,,,,,,1,,,,,,,,,1,,,,,,,,,,,,,,,,,1,,2020
1,,,,,,,,,,,,1,,,,,,,,1,,,,,,,,,,,,,,,,,,,,2020
1,,,,,,,,,,,,1,,,,,,,1,,,,,,,,,,,,,,,,,,,,,2020
1,,,,,,,,,,,,1,,,,,,,1,,,,,,,,,,,,,,,,,,1,,,2020
1,,,,,,,,,,,,1,,,,,,1,,,,,,,,,,,,,,,,,,,,,,2020
1,,,,,,,,,,,,1,,,,,1,,,,,,,,,,,,,,,,,,,,,,,2020
1,,,,,,,,,,,,1,,,1,,,,,,,,,,,,,,,,,,,,,,,,,2020
1,,,,,,,,,,,,1,,,1,,,,,,,,,,,,,,,,,,,,,,1,,,2020
1,,,,,,,,,,,,1,,1,,,,,,,,,,,,,,,,,,,,,,,,,,2020
1,,,,,,,,,,,,1,,1,,,,,,,,,,,,,,,,,,,,,,,,1,,2020
1,,,,,,,,,,,,1,,1,,,,,,,,,,,,,,,,,,,,,,,1,,,2020
1,,,,,,,,,,,,1,1,,,,,,,,,,,,,,,,,,,,,,,,,,,2020
1,,,,,,,,,,,,1,1,,,,,,,,,,,,,,,,,,,,,,,,1,,,2020
1,,,,,,,,,,,1,,,,,,,,,,,,,,,,,,,,,,,,,1,,,,2020
1,,,,,,,,,,,1,,,,,,,,,,,,,,,,,,,,,,,,,1,,1,,2020
